17.94451,17.41839,16.95038,17.45071,18.03149,15.77654,18.7961,17.97563,18.95653,16.50744,17.22989,16.99453,17.97138,17.54,16.17629,19.38867,15.12702,16.48024,16.9007,16.34186,17.33062,16.09908,15.77626,17.53264,15.91056,18.19538,17.49524,18.43451,20.24502,19.13197,18.06148,18.91014,19.74537,16.86193,17.12499,17.10522,18.50084,18.48297,18.23799,17.99804,16.99215,17.37907,16.63328,16.75835,17.71215,17.16709,15.25597,15.68113,17.54776,16.3705,17.09275,17.03887,16.61582,18.74352,18.26717,17.25009,18.48693,18.50185,19.32837,19.26802,18.16606,18.54746,20.55688,18.99386,19.51885,17.21473,18.24099,16.61932,18.21032,17.81359,16.33612,15.95438,16.93905,16.95637,17.69495,18.14701,16.33647,17.63536,18.16189,16.85723,16.70381,17.64946,19.85152,16.63019,18.9165,17.46794,16.67474,17.40506,18.9534,17.59596,17.99906,18.55895,18.23669,17.52384,16.7422,15.99328,17.27558,16.61408,18.90995,17.09495,
18.25803,17.4848,19.51322,17.48333,16.393,18.31256,16.34949,17.03606,17.28909,15.87295,17.26236,17.87579,19.12773,18.11623,16.41499,16.30937,16.86553,16.57782,16.68915,17.47947,16.48753,17.66009,16.08752,16.68428,16.48332,16.97998,17.99461,18.74185,19.55406,19.08648,19.54567,20.23009,19.29975,17.39728,18.78112,16.56791,16.75627,16.61318,17.47411,17.72161,17.68176,16.94165,18.80062,17.28984,17.79182,17.51337,18.15394,17.5875,16.47277,16.43086,17.98432,17.8006,19.69481,18.36819,17.88851,19.1217,19.95008,17.82181,16.92455,19.1339,20.43746,21.81869,22.32794,21.35229,19.41264,19.23033,16.38665,17.70336,17.77646,16.79701,18.66109,18.26822,16.20022,18.33665,17.2023,18.47829,15.25016,17.90264,17.08608,18.70652,16.28584,17.64645,17.02522,17.13493,17.47637,17.85961,18.17547,18.40306,18.36461,18.81051,18.24982,18.34853,18.6597,16.66132,15.40696,16.63291,16.26039,18.07239,16.5119,18.38168,
16.54321,17.82425,18.35239,17.79416,17.27193,17.90335,17.44809,16.09415,18.05565,17.41552,17.08282,18.00017,18.34684,15.96411,16.03382,17.05739,17.6346,15.77492,17.19529,16.7495,16.94449,17.60381,17.1062,17.36384,16.83017,18.5197,16.51889,18.79985,18.48769,18.63785,18.63328,18.87301,20.72072,19.38611,19.34942,17.90421,16.12893,16.65843,17.02161,16.74346,17.37635,18.23495,17.2539,17.25926,17.16457,17.10702,16.69526,16.69094,17.40871,17.16978,18.26852,16.60456,19.87112,19.05949,19.30938,18.24354,18.75227,17.08302,18.83152,18.96334,19.08474,21.74765,23.36542,20.67167,20.15631,19.35701,17.55921,17.80634,19.52825,17.14704,17.41226,17.61355,15.08795,15.84585,18.54592,17.60738,17.64422,16.46862,18.5838,18.19141,17.00485,18.91614,15.71102,18.13252,16.85254,19.12356,17.94485,17.35109,17.6967,17.44844,19.77594,18.90561,18.23273,17.42837,18.52836,16.81535,16.82973,18.12159,17.64851,16.13162,
16.74561,18.13105,16.67187,16.87716,18.01845,16.96546,16.23177,17.97583,18.00385,20.11444,18.7091,18.41498,18.91167,17.9993,17.94115,17.22127,18.09191,18.4675,17.42698,16.97604,16.03169,16.09167,16.85537,15.68792,17.70112,17.166,19.4167,16.33967,17.4486,16.76452,18.33147,18.25503,19.39402,18.68398,16.93793,18.02478,16.74547,17.98921,18.78833,17.70905,16.11178,18.01939,17.32479,17.35292,20.30484,18.41492,17.56473,17.09125,17.04923,16.87366,17.51629,18.04567,17.80506,18.30146,18.17603,18.08455,19.90104,19.23811,19.32776,19.20208,20.4061,19.89108,23.29403,23.21777,20.73649,20.21757,18.98101,18.77644,19.03468,17.36868,18.03607,18.15577,18.39282,18.26001,16.68582,17.47573,17.69552,18.74511,18.61991,16.86917,17.90122,17.99507,15.8599,17.62954,16.72035,16.90575,18.40108,17.21437,17.11437,16.21124,18.63648,18.86914,20.97157,17.60799,18.97077,16.14504,15.79854,16.57712,16.63137,18.41843,
18.06708,16.79934,18.4405,17.68236,18.02588,18.2032,18.3987,18.89948,16.44956,17.05077,17.51941,16.88977,19.04771,17.33515,19.16796,19.24101,19.48719,17.60794,18.3175,16.68904,18.9263,17.71838,17.39467,17.66866,16.67176,17.88781,17.0286,17.5489,16.21901,17.64902,18.29935,17.91546,18.06091,17.61949,18.32568,17.78486,18.53992,17.48066,17.35588,16.47728,17.19283,17.70815,15.8825,17.61022,19.20403,19.74237,18.63239,16.36373,16.49735,18.37465,18.0928,18.89442,17.24493,18.36332,18.16089,16.07318,20.91593,19.09271,21.16683,20.01028,18.94702,20.84571,23.12039,23.67236,22.2639,21.31122,21.06067,20.70081,18.0278,19.56333,18.09271,19.26435,19.93846,18.61787,18.28214,19.1715,17.71301,18.6928,18.45266,17.92358,16.97517,17.82215,16.42682,17.24503,15.85353,17.10943,18.66306,18.29757,16.87754,18.17077,18.81394,18.68529,19.25143,18.47776,16.95937,16.0636,16.3714,17.01671,17.18486,15.37145,
17.35229,17.66375,15.98423,16.45448,17.83424,17.18566,16.63316,16.69733,17.42539,16.87712,18.95681,15.86931,17.67969,16.78162,16.8429,17.95396,18.16238,16.68506,16.3246,17.39877,18.50381,17.60349,15.9507,19.08499,19.37445,17.99479,15.85512,17.76975,16.71218,16.88917,16.82463,15.48336,16.93088,18.71947,19.41123,18.2414,18.8611,17.27968,18.33521,16.36807,18.05732,16.94681,15.44253,18.87901,17.12097,17.06763,18.31465,17.4648,16.29717,16.83577,17.75828,18.07666,17.85121,18.69593,19.89442,18.66777,17.9889,19.12976,18.18142,19.66793,19.78736,23.57917,23.15195,20.15309,19.56587,21.16911,22.76287,21.77126,19.76185,18.89924,16.37469,19.93137,19.84129,18.94146,19.85537,17.97548,18.83372,18.14742,16.9174,16.78101,17.10334,17.08391,18.03374,17.3016,17.60173,17.85078,17.52843,16.00006,18.15527,16.8627,17.2688,19.07394,19.74696,19.60509,18.46969,16.46328,17.2039,17.98896,19.2917,14.93243,
17.08984,16.40646,16.05408,17.59395,17.1857,16.3246,16.74458,17.08769,17.76091,18.21574,17.81254,17.06829,17.53826,18.98668,18.19938,16.47146,17.12111,18.30033,18.55553,17.68588,18.30718,17.29493,18.21276,17.61118,20.43203,19.0358,17.77723,16.90669,16.53584,16.76799,18.8536,17.39044,17.11626,19.04225,19.53815,19.83033,17.52152,19.46344,17.79288,17.51797,16.63297,17.85232,18.28363,19.36879,15.63322,17.05845,18.0616,14.75711,17.78128,17.90672,19.95189,17.35807,18.19808,16.66151,17.64042,19.93607,17.7613,19.63227,18.84444,21.20411,23.61968,22.8435,22.03026,20.38082,20.86436,19.61088,22.03074,22.2074,20.85541,20.18737,18.34511,20.4414,19.35408,18.916,19.17175,17.32994,18.56927,18.47266,17.59152,17.2154,18.34398,15.47201,15.42467,17.68872,16.97922,18.27215,17.22788,19.06957,18.23916,17.46526,17.64903,18.64984,17.10705,18.56067,18.36256,17.6792,16.25098,16.89314,16.66568,18.62534,
17.0261,17.42659,17.04403,16.73345,18.09618,16.04514,17.35768,17.60454,17.60864,17.4842,16.62618,18.40871,17.80656,16.67345,16.98559,18.65806,17.40579,16.50233,18.15725,19.13054,19.77546,20.53756,19.30354,18.98086,18.73583,18.65949,16.66283,18.37746,17.92312,17.5877,17.89442,16.72123,16.96577,17.99274,18.64724,18.11471,19.77303,17.84414,19.74581,17.30042,19.54436,17.6705,18.14845,17.1789,19.27847,17.39051,17.2089,18.48545,18.88511,18.86128,19.43074,16.0448,17.50657,19.96471,18.83882,19.62995,18.32581,18.92603,19.48347,22.63129,22.71588,20.91675,22.18954,21.72111,22.0137,22.53123,21.01162,21.53878,21.3229,24.16546,21.37083,21.80272,19.63626,18.68216,18.82094,19.40862,20.00091,20.04116,19.71759,17.33581,18.00682,17.61335,18.29273,18.06307,17.94684,17.13604,18.06588,17.11527,16.83267,16.67578,17.63404,18.45684,18.96688,19.17905,18.47008,20.10872,17.6956,17.74635,16.51022,18.57485,
16.7618,16.20919,16.6578,17.97416,17.06553,18.2427,17.71194,17.6229,16.28739,18.80804,15.15651,17.08337,16.20599,15.39188,17.52261,16.97117,18.02704,19.10308,16.79643,17.38737,18.09372,18.90494,17.39989,18.00832,19.41059,19.31732,16.36315,17.33436,18.34648,17.69315,17.49976,18.78024,15.98239,17.42711,16.4832,18.20576,18.53972,18.12494,19.0954,19.32433,19.94745,17.64177,18.7165,18.3365,17.65456,19.07217,21.30224,19.14395,17.39755,17.78265,16.83991,18.87676,19.10215,18.24674,19.25051,19.20462,20.11604,19.73346,18.64311,20.2905,20.76898,20.0485,20.75729,21.73878,22.22267,21.10195,23.59537,23.10446,20.72175,21.91261,21.24461,19.49833,20.03733,18.39387,19.43145,18.0076,21.32948,18.70404,18.04085,18.91004,19.49387,18.98433,18.40274,19.13903,19.2072,18.44932,20.38519,17.956,18.36688,19.03424,19.61872,17.48619,20.01445,18.53134,19.50714,18.23369,19.77692,19.74283,19.723,18.31428,
16.75696,17.84512,17.86334,17.39647,17.6668,16.666,18.21865,16.58047,16.37183,16.65051,17.75269,17.66222,14.46226,17.18111,16.8668,16.53576,18.14042,16.89391,16.89293,17.41581,18.54751,18.59851,19.35365,21.31945,20.18853,19.98224,18.699,18.36854,19.98704,16.68595,16.98284,17.48288,19.64552,17.07928,17.38485,18.69973,18.37226,19.28549,19.79923,18.77359,17.84717,17.21279,20.1089,19.03008,20.06882,18.82315,19.61653,18.02656,17.82507,19.11147,20.30228,18.12696,18.66145,19.26736,18.80457,18.63445,16.86456,18.79071,17.42709,18.42197,17.02305,19.03187,17.0902,18.41942,17.35488,19.08429,20.67462,21.88028,19.38572,18.29557,18.54557,16.74182,17.23108,18.35775,17.59147,17.64497,17.44662,20.03792,15.51751,19.17372,16.33395,19.38864,18.07281,18.64036,17.71317,19.32083,19.40612,18.54459,19.69439,19.19588,17.25388,19.82465,19.05989,19.13591,17.53849,18.80062,18.94921,21.10032,21.63671,20.13538,
16.89594,19.55386,17.79742,18.2117,19.24362,18.51675,16.0873,17.64456,17.09429,18.12387,18.29975,17.67547,19.35839,18.09969,17.58468,17.46083,17.14314,16.87002,16.48638,15.35335,16.43328,18.17385,18.01883,19.3603,20.13685,20.34914,20.94863,19.30962,20.1909,19.00193,18.91484,17.95722,18.57923,17.65106,17.53722,18.74485,19.35829,18.62823,20.41318,19.34756,20.73378,19.02003,18.43591,20.3966,18.89301,18.40533,19.14052,19.71191,19.12502,19.004,19.76408,17.56673,17.30935,16.0597,17.83066,16.86475,17.90913,18.48352,17.93808,17.80285,17.39326,18.04337,16.29707,16.89206,17.08653,17.62526,16.81888,19.10894,17.74824,17.71778,18.1924,14.87374,16.95352,17.13496,18.48958,16.76638,16.89703,16.20145,15.72058,15.1344,18.34166,16.16412,15.91746,19.13253,19.00583,17.40033,17.65637,17.50714,19.6916,17.71593,19.14094,18.15507,20.29011,18.13623,17.98811,18.20384,20.13024,19.83919,21.98843,20.41405,
17.45333,16.73715,15.15413,18.05994,17.41662,18.53703,18.06865,19.10481,18.10877,19.16706,18.16248,18.00866,17.58451,16.98435,17.55445,18.55678,16.1773,17.55917,17.47339,17.49887,16.73306,16.83994,15.20411,14.7381,18.03032,18.13033,18.32174,19.38465,20.82904,21.50761,19.68912,19.54763,16.73823,20.71146,16.88026,20.89573,20.05897,18.99376,19.53057,21.23919,19.03304,20.11466,19.64054,18.31927,19.76451,19.76678,19.2258,21.21403,19.07798,18.27908,19.06957,18.23785,16.74476,15.43989,16.43018,16.68644,17.37624,17.05851,15.65336,16.01624,17.49614,16.33828,15.62262,17.87548,16.91464,16.88323,16.07202,17.18028,17.39375,17.70363,18.17787,19.17129,15.88255,18.41814,15.85529,16.56363,16.9113,17.0401,17.54141,16.58673,19.67055,17.20313,18.21316,17.8777,17.83537,18.71641,16.90029,18.33776,17.82012,18.95441,18.02622,18.8901,17.73251,17.42005,18.68669,20.26772,20.50444,19.60497,21.53725,20.59778,
16.05076,17.42893,18.75559,17.40545,17.36078,17.68053,16.84061,16.99696,19.57479,18.11049,19.70688,18.7299,18.85298,18.48111,19.6684,19.43388,18.64695,16.57488,20.50564,17.61558,17.12831,16.05933,16.83434,17.08637,17.14728,18.43753,18.86852,17.98057,19.36554,19.59849,20.21862,19.88241,20.55083,20.6369,19.04949,19.78651,18.43682,20.23811,21.35221,22.20851,19.79363,19.09305,19.42835,19.42439,18.25642,19.82435,19.97214,17.70799,16.96502,17.81726,15.34564,18.22428,17.5017,17.06583,17.17254,16.09587,15.70749,16.06043,14.17464,15.36884,17.19971,16.31021,15.67678,16.14854,17.85906,16.52216,17.31883,15.90066,17.3862,16.35343,16.53572,16.15425,16.56524,16.65758,14.15592,16.95388,16.1764,16.31637,17.5676,16.36127,15.96512,17.57073,17.22955,16.35876,18.18672,16.48993,18.03691,19.22282,18.35584,17.04924,19.83776,18.13389,19.39817,19.20818,19.84068,20.81499,20.08541,20.52545,23.21132,22.00268,
15.37231,15.99517,16.99052,17.91579,18.44832,16.83273,16.1189,17.34676,17.1429,16.80351,19.07615,19.36537,19.7636,19.08438,19.83252,19.43559,20.22371,17.84374,18.68489,18.50444,17.66842,18.33778,16.79341,18.56057,18.46523,17.29446,19.63744,17.58244,19.43018,19.50365,18.77046,21.00237,21.49949,21.67338,19.5975,19.86097,19.05364,22.22262,22.27588,21.55886,20.60594,19.61775,18.75301,19.54416,17.7007,19.83939,19.68705,18.65465,18.20377,17.68132,15.95824,18.169,17.37079,16.63589,16.43336,17.83987,17.16791,17.79804,17.29481,16.47364,15.30775,16.32125,16.7682,16.9226,16.45819,16.5625,15.78922,17.0415,15.95083,16.60227,16.37442,17.42715,16.58652,16.7077,16.24668,16.60919,16.69969,17.57022,16.60112,16.53332,18.46274,16.45011,17.96675,16.26704,18.02054,17.40988,17.05252,15.96158,16.61773,15.61556,15.4577,19.77234,18.24895,17.14061,19.11054,20.37025,22.298,20.63914,24.01086,23.02983,
18.99771,16.04545,15.78512,17.35156,15.85567,17.39534,17.78253,15.46838,18.91276,17.63888,19.15765,17.70732,18.75157,19.28423,18.57795,18.43598,17.93086,18.78646,19.34943,18.61076,18.39591,18.11268,16.9712,17.1716,18.12271,17.29812,17.39791,19.59212,17.68252,19.80895,19.76686,19.69026,18.95576,22.29101,22.88959,21.81684,21.39296,22.52608,22.0364,22.62431,22.54076,18.64151,19.16883,18.44808,19.20511,18.90894,17.14163,15.92576,16.41463,18.64671,17.0251,16.66577,17.53278,18.06811,16.51142,16.01591,15.70616,16.2461,17.58385,15.41256,15.52913,16.53484,17.62925,14.65844,15.90644,16.56035,16.75428,17.87239,15.64744,17.58205,17.46059,16.51468,15.82812,16.79033,15.78865,17.29607,17.25009,17.99218,15.78567,18.46619,17.21735,17.84641,16.84929,17.32307,17.66032,16.19809,16.1625,18.19234,18.04165,18.53871,16.65154,18.59952,19.83235,17.50018,18.00222,21.29531,22.6614,22.08359,20.78225,19.88203,
18.12308,17.39265,18.60627,16.17722,16.47221,16.6878,16.69426,16.66339,20.29974,15.53406,16.80338,18.36297,17.85117,17.18967,19.87554,20.11281,19.53281,19.67566,18.32781,19.9203,18.29344,18.17685,18.29053,16.38212,17.82961,18.51252,19.26183,17.56989,17.33437,18.48125,19.38066,19.0446,20.64285,20.4024,22.67674,22.14786,23.38272,23.03179,23.081,22.19844,17.95008,18.43338,17.58633,17.53556,17.94389,16.56709,17.67872,17.55284,18.39381,16.66122,17.71187,17.28043,17.92221,17.36223,16.19018,16.42744,16.68579,16.01723,17.45116,17.1289,16.88145,15.90131,15.95456,17.59827,16.60831,15.77376,17.38862,16.03823,17.77707,17.46916,15.30537,15.97602,15.64586,15.89576,15.67803,16.69233,16.1685,19.07047,17.79561,15.32155,17.6241,17.4716,17.39218,17.60705,15.68102,17.36094,18.6041,17.10575,17.87861,17.81582,17.5965,20.3877,18.5332,17.80602,19.45262,19.71342,18.52392,22.61902,18.19743,17.12641,
16.56771,17.94968,17.49127,17.15007,16.62209,16.81966,18.49828,16.99727,17.60997,18.03646,17.63183,17.33254,16.76948,16.63119,18.76047,17.38026,20.28055,18.86577,20.0251,17.58086,19.51193,18.5675,16.67105,18.63458,16.92261,19.08715,17.14459,16.40124,19.48371,17.94052,17.9931,18.62985,18.70562,22.04695,21.90874,22.58013,23.88266,21.01712,24.44216,23.30588,20.36369,20.01329,19.15687,19.61455,18.44834,18.11169,17.12466,17.78839,19.08586,18.21776,17.63957,17.20471,16.37752,17.21205,16.06392,16.43976,17.32758,15.4658,15.37758,16.97083,15.66944,17.22539,17.53467,15.62789,16.69885,16.66779,16.76768,15.3804,15.82719,15.49127,16.84468,15.85987,17.31667,16.02699,14.23719,15.88529,17.26383,18.03041,15.62297,17.80881,18.49048,16.54702,18.63056,18.29285,17.41029,17.79126,19.59934,18.58977,19.19296,18.33402,17.44695,18.80233,18.48186,20.18472,19.2353,20.61353,19.30196,18.92889,16.95443,18.91581,
18.93578,17.96062,18.31652,18.26499,17.20314,15.79525,18.75541,17.37476,18.34055,16.58802,18.22181,16.22245,16.80712,18.80228,17.84234,16.77561,18.24114,18.98096,19.27184,20.67928,19.93255,18.29281,16.83752,16.48536,19.42625,17.71394,18.60619,18.05153,17.26741,18.75411,18.51631,19.44144,18.35115,20.81922,22.95873,22.57083,22.10045,22.1502,21.80435,23.02081,21.15969,18.5838,20.46468,18.37609,17.7449,17.85573,19.44494,17.87538,17.42873,18.64823,19.21716,17.67188,17.8616,16.06911,18.01082,17.17002,19.31528,17.68941,16.34229,17.04246,15.75721,15.49759,15.73293,16.85696,17.89406,15.80399,15.92511,15.77455,15.73126,15.96722,16.24196,15.7001,16.31706,15.17634,16.26216,17.03514,17.59413,16.50242,16.56554,16.69068,16.86737,16.40452,16.97184,18.54733,16.23641,17.23294,18.73698,18.88721,21.3715,17.38421,18.86984,19.15685,18.51632,19.32364,20.13579,19.95371,19.32936,16.76509,18.21253,18.876,
19.75039,19.86449,16.94301,19.10737,17.92425,16.5709,18.79744,17.87058,17.59768,17.99714,18.10774,19.01275,17.63991,18.95278,16.2578,16.66995,17.31839,17.2298,17.11531,21.87603,21.33858,19.48995,20.3117,19.24159,18.78902,16.50246,17.94214,18.84925,19.73166,19.13101,19.79596,18.16419,18.54596,19.56418,22.4686,21.28977,22.46516,22.7287,23.30618,22.18326,22.76007,20.54419,19.64861,17.93232,18.13173,18.77272,17.61755,19.46758,17.48829,17.47365,18.21622,18.34073,19.07994,15.32837,17.32952,18.81106,17.24538,16.64862,17.80114,15.79264,16.80925,15.98496,16.22564,16.11221,16.16568,16.6011,16.16466,16.63041,16.38124,16.53725,15.61327,17.67739,18.63609,16.91881,17.89802,16.77442,16.43028,18.65971,17.52736,16.8379,16.10269,17.22693,17.35718,15.61074,17.22591,17.83076,17.92487,17.69252,19.10452,19.57185,19.64497,19.54972,20.17109,19.44178,19.74215,18.837,18.10233,18.26387,19.2452,18.67127,
20.0827,18.47537,18.70539,17.06693,20.32363,18.58585,16.46683,16.78819,18.57836,18.47761,18.03503,16.99931,18.14081,19.32364,17.85646,17.41456,16.22091,17.46804,17.41105,18.24765,20.41931,19.47655,21.86955,20.23109,19.27883,17.43619,18.63111,18.14757,18.66305,19.10072,19.67875,19.31809,20.46761,19.75125,20.48972,22.74744,22.45135,22.61678,21.8043,22.6857,21.86183,22.82063,18.56776,19.28138,19.33664,18.57455,18.78775,18.67507,18.12713,18.47305,18.76569,18.73078,18.10493,18.21116,17.01414,15.38671,18.05501,16.03931,18.21574,16.33775,17.28617,15.97578,15.61162,16.42006,16.03221,16.29066,14.84591,16.91794,17.14867,16.60417,17.85887,15.36361,18.66032,17.16673,18.03864,17.46538,16.56971,15.37151,17.68721,18.69622,16.31396,16.75378,17.25684,15.94125,15.50005,16.80693,17.85784,16.68338,16.92646,16.96688,18.95931,18.22338,18.64385,18.08194,19.80346,22.08989,22.33804,21.21576,18.80114,18.43869,
18.83457,19.11902,19.00078,17.87668,18.9746,17.51352,18.58783,18.95452,19.24351,18.6253,18.60251,17.79055,19.03919,18.19567,19.62776,15.21729,19.53258,19.05083,16.77884,18.30068,18.76253,19.33301,20.09359,20.3302,21.04024,19.61479,18.18045,18.36097,19.59707,18.4307,18.07502,18.16875,18.98717,18.21808,19.46747,19.59327,21.32382,19.9446,19.27194,20.04807,19.65054,20.47191,20.91642,19.27704,19.40024,20.0889,20.31051,20.54717,19.93319,19.90501,19.55783,20.17492,18.51267,17.40993,18.18293,19.0812,17.85952,16.05097,18.25836,16.5955,15.53264,17.22866,17.08185,15.79943,16.63921,15.87966,16.66943,17.14917,15.49959,16.67765,17.26176,16.82575,16.87298,16.51569,15.6358,18.68639,16.50595,16.49785,16.1975,17.20132,16.79736,16.01164,16.13073,17.24242,16.18638,16.67866,18.27503,17.7857,17.61843,17.4439,16.13305,17.35627,18.98786,18.45867,18.11795,19.2763,18.43588,18.7734,18.91163,18.425,
18.55617,19.62549,19.26005,19.73144,19.50701,20.37876,19.12751,19.09244,18.78562,17.753,19.62606,20.11178,18.39966,20.21764,19.96266,17.96087,17.5253,19.05972,17.91404,18.44598,18.69633,18.40641,19.38844,19.02947,21.36069,20.63832,19.28031,19.43527,19.59991,18.37093,20.29997,21.13115,18.96432,18.82723,17.01424,19.86219,20.90036,17.51405,16.91187,17.21969,18.59459,16.33961,16.40305,18.69772,18.70267,17.12606,19.53421,20.83067,20.77011,20.5838,20.52356,20.11545,21.00129,19.59104,17.21607,17.76893,18.00918,17.41726,16.35587,15.14724,16.22677,15.91144,16.7925,16.15502,17.1948,17.42021,16.86607,16.44431,17.45092,17.22501,16.42788,17.58691,16.49475,15.05554,16.98553,17.82542,16.20744,15.35586,15.3283,16.0966,15.41377,17.39973,15.24421,14.85026,17.14233,16.41393,17.60098,16.91049,16.25124,16.35224,15.89663,16.61721,17.53761,17.59259,18.33343,18.2419,18.50021,19.63911,18.86752,19.47126,
16.89627,17.1363,18.53108,18.885,19.81331,18.84446,21.22017,21.04266,17.19841,20.11623,20.65075,19.01668,21.87273,20.21376,18.05266,19.26138,17.96867,19.12792,19.18931,20.27948,14.68501,18.44331,19.3391,19.5595,20.3031,22.79646,22.72221,20.4239,18.55442,19.19614,17.68183,17.46805,17.89051,17.64995,17.38712,17.59672,17.25225,16.18548,17.08468,17.94155,17.12066,16.81026,18.20383,16.795,15.69939,15.98731,17.32986,17.23719,20.15887,18.31588,20.78373,19.79493,22.66532,21.52776,20.78607,17.55798,18.45705,17.35676,18.26624,17.09249,17.66919,15.22453,16.95432,17.69325,17.9081,16.83345,16.29156,16.47755,17.61792,18.48969,16.80898,18.35924,17.344,17.08694,17.91633,16.57575,16.63152,18.03652,19.04526,15.30825,16.64992,16.3629,16.42403,14.8906,17.29014,17.48512,15.18798,16.72126,16.63273,17.86683,18.31479,16.38611,17.14299,17.25883,16.65368,16.86844,16.38565,17.50599,19.98915,18.91478,
17.16312,17.97557,16.75548,18.87673,19.93173,21.00827,22.6705,21.14531,22.41533,21.69721,19.7947,21.62461,19.7001,19.15564,19.1932,20.58299,19.93393,20.67728,18.52289,18.63583,18.43193,18.77808,17.65388,20.09169,20.07378,21.21032,20.75861,19.83787,17.45987,17.18709,18.2497,16.92963,18.21987,17.57605,16.75855,16.8259,17.97265,16.11438,16.50143,18.01852,17.93726,15.58034,15.46976,17.62157,16.12097,18.64556,17.51928,16.09834,17.04131,15.88531,18.99217,18.22927,19.60729,20.91154,21.69798,18.99085,18.01739,18.23143,17.4601,19.04059,18.01503,15.50389,17.24611,17.45557,17.63552,17.7347,17.60134,18.545,16.45667,17.32973,17.89391,17.9173,17.9581,17.83379,17.21241,15.7167,16.36999,16.46106,16.50863,17.6954,16.38413,15.30779,16.55786,16.93856,18.9804,17.38285,15.84338,16.58778,16.64975,15.53289,16.60075,16.21642,17.09783,19.44134,16.2342,18.11536,17.65361,18.38182,19.23631,19.8066,
18.85129,16.4695,17.13379,17.07493,17.48004,19.48571,21.55586,22.30168,21.35839,22.89095,22.63117,21.62344,20.45684,21.45863,22.40617,19.24132,20.99594,18.73494,18.72591,18.7593,16.49779,20.1713,18.29665,20.55969,22.86207,22.21714,18.57308,20.60752,18.0449,18.31899,17.33005,18.57955,18.84791,16.92437,16.9946,16.17151,17.3545,17.33967,18.29149,16.64396,18.40725,17.4795,15.34626,15.99132,14.86085,18.41066,17.58736,17.72395,18.03952,16.50175,16.95282,16.03785,16.33818,17.4317,17.12089,18.49942,18.4825,19.17117,17.17833,18.52476,18.40663,17.04106,16.4845,16.80888,18.59324,18.60581,15.81652,18.74476,18.63135,17.99473,17.49547,17.07454,16.58974,17.79196,18.41439,19.76546,17.57537,16.47949,16.94027,16.24909,16.62175,18.17685,15.71128,15.80016,16.11111,16.84554,19.33992,16.72493,16.69034,18.5042,17.61947,17.62468,15.86515,14.7872,16.95744,17.61281,15.79216,19.40235,16.02519,18.32584,
19.20217,17.03235,17.47853,17.01576,17.70049,19.09455,18.03285,17.56905,19.11226,21.09087,23.66876,20.69996,21.49761,22.43055,22.60781,22.60102,21.81906,22.11794,22.12672,20.9364,20.26275,20.19377,19.82385,22.41631,23.533,22.63172,19.89971,17.31116,18.83785,18.06164,20.07607,17.30875,17.89497,18.07934,19.68443,15.99068,17.72355,16.66961,17.9899,18.16051,15.66804,17.97966,16.17657,15.81214,16.73666,16.50883,17.22272,17.3229,15.43149,17.19701,16.74199,16.24674,17.2776,15.02379,16.92428,16.28025,16.39088,17.88773,18.70691,16.94525,17.54622,15.97146,18.67567,16.36907,17.06616,16.6531,19.05719,17.55939,15.76959,20.41494,17.41879,16.81251,19.20208,18.25401,18.35456,17.34433,16.65766,17.3167,16.48221,17.23852,15.70833,18.22534,17.91796,18.76483,14.73089,17.86099,18.78614,17.02913,18.10452,18.72545,17.10193,17.52078,17.44172,15.58807,17.68432,17.44267,17.49984,17.79605,17.62525,17.15423,
17.77863,17.62931,17.6264,17.2313,18.79217,17.08525,17.84685,17.83803,18.90212,20.18979,21.14494,22.59074,22.52456,23.20135,22.78588,22.68272,21.22507,21.70455,21.55336,20.44583,20.94444,22.54782,22.60091,20.84204,23.07571,22.79349,21.20851,20.16148,17.93814,18.82033,19.03338,18.28161,16.27825,17.21415,16.95934,17.0276,16.45985,16.47625,16.54427,17.05335,16.30102,15.92481,17.80088,16.19563,15.22267,16.23965,16.50837,15.85726,17.05183,15.63959,16.8813,16.4864,14.09325,17.40916,17.94234,17.27176,16.62628,16.259,17.92194,15.94811,16.30745,19.8623,17.75542,19.61486,19.10279,19.42856,19.13687,18.56216,18.72101,18.11567,19.24561,17.7466,18.07937,18.03784,19.29888,18.06131,18.67349,17.24951,19.27576,17.52803,17.6815,17.15458,17.03859,18.67191,16.94408,16.09009,17.31495,17.35446,17.41515,17.5078,17.21457,17.83941,17.22206,16.42879,18.25994,17.57958,14.62827,17.74881,15.70438,18.91096,
17.11203,17.61409,17.13356,17.52931,17.95985,17.2176,16.38169,18.11359,20.469,18.95346,20.71436,21.83825,22.30595,23.78961,23.44404,16.95112,20.88885,20.08951,18.64296,19.91129,20.37544,19.4978,18.65587,19.82427,20.56651,20.61555,21.74045,22.81658,21.93536,18.58434,18.50788,19.47088,18.46323,17.84307,16.13178,17.73566,16.0872,17.85395,15.58244,15.96436,17.90057,18.5413,17.54725,15.44083,17.15072,15.13062,17.88346,17.44495,16.8483,17.5459,16.01822,17.12907,14.98769,17.27824,15.81517,17.35965,17.36359,15.60669,19.55157,19.27228,18.32546,17.88154,16.74116,18.59582,20.16971,17.89979,18.82903,17.65409,18.31964,18.61414,18.65892,18.56104,17.88992,18.68117,17.61622,19.9826,19.18336,17.96431,18.95273,17.79714,17.20003,16.96047,17.51266,18.06564,17.3355,15.61115,17.32975,17.48107,18.04206,20.23202,17.87347,18.5352,19.01453,16.89833,18.19607,17.24561,17.01682,16.6612,18.19715,17.66531,
17.57194,16.82116,17.79937,18.53696,17.11237,19.26882,18.64933,18.94529,18.48517,20.7364,17.39537,20.97609,20.41173,22.57616,20.14331,17.8618,17.89664,18.61521,18.57454,16.85264,19.02196,17.98702,18.67503,20.6762,19.54482,18.73275,19.8302,23.00739,20.29613,20.20547,18.43565,18.90764,17.04982,17.78856,18.02976,15.78959,19.05187,17.41899,17.69763,17.82291,15.03011,16.91335,17.87408,16.55319,16.18017,16.30329,15.02597,17.01776,15.57865,17.47089,16.40379,17.75675,17.2079,15.45234,15.43876,16.91465,16.09448,16.89381,16.28201,17.58671,17.70217,16.43739,16.3356,17.00348,18.71992,18.62755,16.86517,19.44354,19.79851,20.04044,16.76687,19.331,18.91263,18.85722,21.64068,20.39282,16.80582,18.24728,17.95793,16.41678,17.29795,16.24136,16.99396,16.60057,17.04282,19.03963,18.55255,17.6918,18.79317,19.35411,18.14942,17.30494,18.74213,16.31685,20.57123,18.01424,17.80283,17.45049,18.88878,16.86302,
18.33191,18.4195,18.70888,19.32023,18.14318,18.64731,18.91258,19.37251,17.26827,20.41116,18.83364,21.703,22.70961,20.26387,17.58508,19.22227,18.54984,18.03529,17.73721,17.84596,19.06482,18.46871,18.11888,16.87865,19.06836,19.42953,19.22738,19.51632,22.66993,19.87318,19.20702,18.01702,17.99233,18.40062,16.18658,18.33731,17.47372,18.27148,18.4099,17.34251,17.54886,18.58971,17.45562,16.05135,17.86775,16.67485,15.17719,16.94446,17.08793,17.08501,15.86862,17.8289,16.95271,16.21864,16.33352,15.97183,16.93515,16.34378,17.48546,15.72262,16.0594,17.30137,14.30757,17.67058,18.22014,18.29121,17.82366,18.64731,20.31328,21.94745,18.20811,19.50963,18.94169,20.5209,21.97698,21.95258,19.92726,18.63282,17.49648,18.13318,18.22694,17.26605,18.0924,17.99721,17.87676,17.05477,16.49602,19.7562,18.56334,20.23626,18.58879,18.72912,20.5167,18.31675,18.19915,17.69455,19.4892,16.53074,16.1623,18.99134,
17.58682,19.20464,16.75661,19.14961,17.60857,19.05661,18.55532,17.49617,18.20997,18.16199,18.3032,18.1542,18.72371,18.017,17.79438,17.71253,20.75985,19.37697,16.95824,18.11766,19.83349,15.67939,18.09525,17.54235,19.1269,17.64782,21.08923,19.1335,22.25487,23.35678,20.20144,19.58706,18.95007,18.23323,19.75729,18.88528,17.3572,18.7438,16.84566,17.13265,16.93399,18.28226,18.79358,17.92282,17.93496,16.21787,16.81895,18.88588,17.80125,18.14439,15.70326,16.38276,15.6678,16.77984,16.67096,17.89268,14.95674,16.66709,16.56625,16.55425,16.44705,15.62778,17.30215,16.07367,16.69883,17.22702,19.08363,17.89327,18.1526,20.06479,21.22882,23.12446,22.60058,21.19121,22.68836,23.44007,20.11758,18.42797,19.23307,16.41836,17.20665,16.80614,16.85834,16.98192,16.60872,16.66285,17.61338,19.25779,21.94803,19.20642,20.38379,21.11547,17.88758,19.18002,16.3044,18.865,19.60221,17.4,19.60383,18.69147,
16.99342,18.25421,19.51424,17.77332,17.8154,16.9331,19.01022,18.52915,17.90236,19.13121,16.75843,15.853,17.01,20.40558,17.69117,18.52104,19.95957,18.9132,18.87735,16.73584,17.93672,17.84831,18.46915,17.16725,18.96583,17.24089,19.01787,17.94122,20.20664,22.94374,22.19039,23.38881,19.89541,18.40299,19.69387,18.83213,18.60506,19.13544,18.35345,17.61331,17.13092,17.68526,18.32566,18.81592,17.1119,19.02956,16.77553,16.27617,16.6471,18.55155,17.7038,17.34241,17.23072,15.64834,16.43332,15.30387,16.09915,16.96465,18.49697,16.83849,16.37486,17.27015,17.47179,16.59912,17.357,18.58406,15.20647,18.17595,17.87512,19.15799,20.17768,19.37539,20.41081,21.49482,23.01876,21.63686,17.96467,20.11116,17.86032,17.2994,19.70975,18.98917,18.33722,18.10748,16.93717,17.23354,16.29399,18.70601,18.49281,20.39787,21.30016,18.96308,19.01869,17.53611,18.47035,19.75388,18.40371,18.74277,16.07943,17.97317,
18.59138,19.31915,20.2599,19.60439,17.86757,17.57444,17.92019,17.88401,15.95329,17.28641,17.50211,17.57155,18.32102,18.16898,16.24831,17.85207,17.51945,17.22937,17.39404,15.52468,16.44991,17.55708,18.27979,17.02521,17.9534,16.65273,19.71281,20.06431,18.79296,19.95465,20.93579,22.96356,22.71557,23.79937,20.48171,18.88096,19.75161,19.64642,17.20341,20.24153,17.71026,17.16085,16.80352,18.20008,18.51846,18.54673,16.28578,17.75954,18.03824,18.37359,17.78602,16.07449,16.88102,17.14758,18.98424,18.29959,16.42816,18.29301,17.74728,17.48529,17.4663,16.39468,17.0961,16.54211,17.52714,17.27659,16.77534,16.20802,18.05817,16.81836,16.60491,18.28356,19.01606,19.00414,19.73974,22.76094,20.39137,18.22121,18.88431,16.92325,19.37855,16.95691,17.69346,15.36475,16.01765,17.46922,17.65395,18.70119,20.07159,16.84233,18.93082,20.54764,20.1411,18.46037,18.15614,16.49117,19.41479,18.91725,18.22849,19.0889,
20.03187,20.21445,18.74873,20.09317,19.20661,19.51859,15.84235,15.99592,17.02205,17.43353,16.1674,15.45772,17.28654,16.60975,18.74239,16.92895,17.29159,16.97789,16.42163,16.55708,17.27474,18.53207,17.72221,18.36076,18.48369,15.99117,17.59563,18.252,16.66415,16.82046,17.63469,18.14546,21.02074,22.99147,23.45019,22.65435,23.03981,21.38963,20.11411,20.6409,18.85454,18.47416,18.51517,18.23448,18.16504,18.5525,16.74008,17.32487,19.01561,17.77441,16.69995,17.87405,17.46509,17.74431,17.91162,18.08971,19.48799,15.86617,16.27287,17.11538,17.84466,16.06718,17.1748,15.946,16.95339,18.21866,17.55598,18.00338,18.45544,18.6073,17.42258,16.22347,18.84376,18.11954,20.61944,21.88002,21.46701,18.78182,18.70445,16.79392,18.54143,17.37367,17.61562,16.61873,17.20589,18.28849,16.72964,16.43565,17.69708,18.26386,17.40594,18.29242,19.10728,18.73433,19.69493,19.33973,19.06179,17.82521,19.4559,18.10194,
20.27114,20.2936,19.91663,17.44297,16.43003,17.65956,16.93189,16.89898,15.37148,18.56372,15.99636,16.88293,15.55331,18.25717,17.16346,16.8064,16.28274,17.31848,17.69973,16.99452,16.5659,16.14814,15.71064,17.23294,18.44708,18.5728,15.94511,16.9115,17.66278,17.73894,16.59958,19.19338,16.87283,19.36647,19.43526,18.66797,20.14033,18.51195,19.08918,22.06082,21.16378,19.49567,19.71529,19.8455,18.47468,17.4911,17.67084,18.42373,17.73724,17.48776,17.7391,18.61142,17.97531,18.41355,18.59498,16.9557,17.3679,17.27603,19.25935,18.87975,16.68538,16.76442,17.07865,16.55773,16.65305,17.94725,19.07632,16.30743,16.90838,16.56744,16.76409,17.0852,17.67179,18.98854,17.65627,19.97387,20.16658,19.01286,16.94681,17.23059,16.87727,17.9938,17.88341,18.42763,17.94213,16.72605,18.2973,19.12692,18.55335,18.3955,17.68542,20.12674,19.94595,19.92867,20.45267,20.23483,18.1434,19.21549,18.77377,19.40669,
23.56156,23.81714,21.87672,21.31029,19.03623,17.56756,17.60125,17.15425,17.37458,15.80807,16.79636,17.91621,14.8957,16.99642,16.98893,16.58869,17.03923,17.40123,16.03271,15.37536,16.77086,15.95989,18.09841,16.8578,16.7848,16.39052,17.28748,17.2,15.22545,17.28608,17.47969,16.15945,16.86924,18.18616,17.15921,17.98091,16.51357,16.96294,19.99667,17.98375,18.59002,19.18315,16.9142,19.36055,17.97104,19.28952,18.51443,19.85642,17.8175,19.00598,19.30287,18.69488,18.56976,18.4902,17.2925,18.11016,18.71822,18.25502,17.28509,17.51784,18.2164,16.33021,17.74056,19.15187,19.1313,16.57109,17.85312,16.8366,17.81601,18.68597,17.82959,20.19097,19.06363,18.33573,18.03925,18.39355,22.55737,21.03873,17.57705,17.46351,17.01551,20.16923,17.87282,21.6086,19.01347,18.57949,18.52887,16.96062,17.23599,18.14209,19.72545,19.09789,20.3467,22.07911,21.77731,20.73395,18.64176,18.16628,19.92037,21.03304,
18.64279,19.03528,23.16549,21.90872,17.61674,19.31939,16.39607,17.01216,16.34662,16.52943,16.24124,16.8702,16.96413,17.17239,16.86169,17.84127,15.95871,16.40884,16.59058,16.38717,17.8266,17.18122,15.80043,18.36281,16.24798,16.15681,17.83745,17.45207,15.69636,15.93175,16.50119,17.55285,17.97317,16.10579,17.18633,16.14897,16.15159,14.82269,17.78214,17.70106,17.51388,15.8572,18.78102,18.36099,17.33312,18.97504,18.93201,18.32743,17.66739,20.3202,18.89559,19.1,18.21702,18.96463,18.84168,20.17714,17.95968,18.67156,18.2359,17.22713,18.33333,17.19326,17.42143,16.04841,19.29937,18.11412,18.59752,17.93081,17.33333,17.93877,16.5661,19.34472,18.34702,19.20807,17.78673,19.78355,20.9671,19.04606,18.4886,17.54587,20.3967,20.11271,18.48825,19.2937,17.75001,17.75338,17.00017,17.49345,19.43231,19.50648,18.60034,18.98446,20.07649,20.07098,23.24245,22.07309,20.0502,22.16577,19.06353,20.37674,
18.60025,18.19128,20.57168,20.24288,19.4363,18.50986,18.14334,19.08037,17.8459,18.54121,18.10389,16.29844,16.39908,15.28635,17.92672,16.5566,16.19351,15.47276,15.92533,16.09474,16.69415,16.80518,16.40202,18.71454,15.52931,16.71761,15.4126,16.2014,16.83264,15.94617,16.5065,16.89822,16.22363,16.506,14.31684,17.4989,15.15178,17.22157,16.58565,19.06799,16.69257,17.1586,17.70365,17.03343,15.55046,16.43937,17.92955,19.90491,19.99714,19.13528,18.85138,22.35478,19.72539,20.28962,18.23029,18.21752,17.94591,20.31921,19.86583,17.7589,18.24968,16.02139,17.44329,17.3097,19.51422,18.40473,17.3722,19.28932,18.6345,17.69376,17.37343,19.76308,18.04145,18.0133,18.70128,18.54381,20.37995,22.50956,18.47017,18.70777,18.96978,18.96334,20.0106,19.78622,18.57816,18.33806,19.24089,20.08683,20.23919,19.2892,18.97476,18.80269,17.37711,20.49578,23.74236,23.70509,23.38784,23.70222,21.32649,22.09521,
18.49784,17.4392,19.0203,17.70897,19.96892,20.67459,19.09064,19.3051,17.27293,16.55463,17.46977,17.30448,16.54848,16.29192,16.15662,16.55732,18.69882,17.96851,16.02844,16.16239,16.36456,15.45312,15.35341,18.27309,17.34216,16.3258,17.39803,16.01527,14.84743,17.71024,16.22992,17.83912,16.31069,16.38866,16.34188,14.92333,16.39134,17.02399,16.84124,18.284,17.2063,17.53367,17.00936,17.96523,16.89428,16.11433,17.95259,17.97839,18.28437,18.74636,18.93534,21.46045,20.58597,21.5428,22.58273,23.18901,19.9607,17.82435,19.49171,19.72577,17.83948,19.32692,19.27674,17.46543,19.90989,19.5857,18.54218,17.58271,17.70963,17.38363,16.03772,18.19843,18.62171,20.03331,18.39974,19.43332,21.16123,21.52982,20.36137,21.02458,20.50808,18.02773,17.07584,19.22783,18.46597,19.34344,18.4194,18.55152,20.50671,18.48845,19.52302,19.00973,20.66215,21.56936,22.41647,21.89882,22.39481,22.23286,20.95284,21.24998,
15.77507,17.48578,18.82059,18.64034,19.28607,22.3149,19.24903,18.571,17.48034,16.96605,17.28874,16.06428,16.92474,17.26364,15.44583,16.40781,17.04216,16.19368,16.76457,16.30671,16.68178,16.36506,16.9679,14.37543,16.5244,16.48311,14.96108,17.68302,16.46,16.96285,17.25414,16.26272,17.10703,16.54322,16.73364,16.97698,15.77038,15.07614,18.419,15.80931,17.2454,16.7146,15.30566,16.65618,16.52949,15.82481,17.23805,17.29699,18.82859,17.96359,17.35451,18.90219,16.37372,19.43109,21.04102,22.08351,23.00829,23.01077,20.9814,20.86404,21.63631,18.75608,19.45409,18.83724,19.15683,18.30666,19.9367,19.23281,17.09562,18.34783,19.56236,18.86719,19.04896,18.3805,18.35815,19.82222,20.13682,21.98594,22.51984,22.14002,19.50934,19.79953,20.40379,20.01835,18.05371,20.20311,18.66741,19.31149,17.80533,19.11819,19.54218,19.81848,19.92653,21.87596,19.98269,19.62344,19.44,20.18059,19.03592,18.8081,
17.48271,17.9767,18.07187,19.71607,19.32447,18.70745,21.46782,20.36049,18.71683,18.6694,18.41375,17.97063,16.67535,18.17558,15.84126,18.38588,17.61836,16.54502,16.45746,16.35983,16.84362,16.04694,16.52142,17.76286,16.37403,16.99677,17.86301,16.41177,17.09104,15.62059,14.9815,18.38431,16.62349,16.2262,16.82905,15.65132,17.50222,16.10483,17.21956,17.05058,17.83647,14.97645,16.19753,16.20473,17.71251,16.78886,17.21611,16.90219,15.79805,17.9045,17.77178,17.96111,17.40319,17.63722,17.50781,19.02535,21.77878,21.3861,21.81532,22.59393,21.29643,18.91053,20.05894,19.2527,19.82208,19.16532,21.05071,18.8306,17.55006,20.37787,19.74352,20.25047,19.77488,21.02678,20.92189,21.12387,20.82324,24.61044,23.89672,22.25378,23.42704,23.68365,20.34426,21.7467,19.91572,19.37633,20.25283,20.12084,18.98659,18.87898,20.02612,18.40974,19.25255,17.3873,17.97282,18.92626,16.81203,18.04792,17.12483,18.01706,
15.79848,16.32097,17.05743,16.66068,17.48232,17.66721,20.15177,19.07641,18.79288,17.06897,18.67256,18.29889,16.67132,17.76517,17.12212,17.47624,17.53368,15.55854,15.8557,16.25069,17.04248,17.34731,17.21952,17.46432,16.7552,17.21252,16.46394,16.72688,17.27267,15.24445,16.28417,17.33465,16.05823,17.59065,15.70051,15.92034,17.36673,16.40901,15.61582,16.919,16.43024,17.88231,15.4653,17.83678,16.29796,16.05397,15.52221,16.05818,16.48056,15.94476,15.64891,19.77573,17.59064,15.41275,19.23511,19.36361,17.11311,18.30745,19.91739,21.58943,22.27967,22.32799,19.60744,20.14007,18.91088,18.86292,20.53649,18.9019,17.65031,20.30094,21.78951,20.74675,21.35279,20.92699,21.70862,20.75227,19.09904,19.94161,20.98744,19.41392,21.28471,23.19336,23.08517,20.88862,22.64301,20.76444,19.40326,17.84108,18.19349,19.15903,16.69387,18.05084,18.0275,17.18357,17.49128,16.38172,16.12753,15.72557,17.99512,15.35193,
16.97131,17.83032,18.50309,16.38794,16.2891,17.8787,19.47456,18.96765,21.95266,19.72537,18.20104,17.05508,17.20549,18.70987,18.105,18.07989,16.62905,17.39911,16.73968,17.18813,15.69464,16.76608,17.89476,14.87211,14.31643,15.74177,17.90661,14.66222,16.05525,17.82072,17.90465,15.08625,15.48975,16.47338,19.1901,15.25597,17.01666,17.4475,15.55453,16.96186,17.08557,17.27294,16.52066,16.33747,16.19383,17.10664,16.4776,16.96684,18.10859,14.77654,17.58526,14.63234,15.87032,17.69525,17.99722,19.47099,20.4044,17.99723,17.09776,20.0221,20.43601,19.15667,18.36065,18.66504,19.58753,21.46243,20.4801,20.50851,21.33381,22.51269,20.17758,23.35268,21.4293,22.33589,20.77781,20.8191,18.52134,17.88941,20.12755,19.95201,20.34072,23.18691,21.1654,21.74134,20.05087,17.67465,20.11426,19.71511,18.62982,18.60325,18.76884,16.45716,18.41454,16.95514,18.14448,16.1288,17.02912,16.63722,18.21877,16.1691,
18.01161,17.06712,17.29702,18.2997,18.24487,20.08622,15.69657,19.97824,19.86843,21.55719,22.46414,18.76571,17.72087,16.72634,17.04843,17.85291,16.79039,16.91161,16.82582,17.67303,17.02015,17.50393,17.78278,15.65255,17.70764,15.31135,15.83571,14.32951,16.86014,17.09085,16.51993,15.93275,17.70978,16.24426,17.05109,16.5061,16.13466,16.8595,17.27378,16.09003,16.74483,14.95882,16.0836,16.15906,16.49731,15.76086,17.0236,17.83756,16.32494,18.01081,15.95659,17.55604,17.70684,16.50923,17.35056,17.99989,17.8684,18.14062,18.64688,17.01228,18.48422,16.61308,16.79747,17.61013,19.12696,19.43925,19.00671,21.22513,21.85135,23.34658,21.89709,21.85756,20.86099,19.7768,20.27519,20.33002,19.45428,19.83229,19.33562,20.12883,19.83805,21.08462,22.14159,19.44859,18.85674,19.10984,18.57417,18.45039,16.21847,18.03845,16.81998,17.38592,15.91234,16.7031,16.96128,16.61996,18.00637,15.7857,17.70597,16.18261,
16.18699,16.58085,16.62927,18.23523,16.97181,18.58381,19.02728,18.30353,19.86479,22.52743,22.88067,21.05906,15.64158,19.87965,18.02411,19.52565,18.52095,18.27562,17.45839,16.97848,17.26781,17.79997,18.04835,17.11106,14.36652,17.6949,16.32762,16.47878,17.75541,17.04586,15.20759,14.60913,15.97727,16.20048,16.58466,15.75896,17.6045,15.12996,16.47817,15.59427,16.34294,16.62826,17.65165,15.70505,17.96935,16.90523,17.15783,16.63489,16.34229,15.0678,16.47617,17.87829,16.66372,16.66671,18.18483,16.98551,20.62044,17.4366,18.14887,16.24526,17.0846,17.97983,17.62117,19.86831,17.92767,17.22676,17.24315,18.80545,20.07996,20.25012,21.43574,20.78996,21.65947,17.80389,18.16553,19.33825,18.30424,19.21036,20.73483,20.04083,22.71423,22.06526,22.27355,21.61297,19.44245,19.48823,19.83496,19.15894,19.254,17.40376,17.56036,15.86916,16.56133,16.51134,17.37389,17.14463,18.03403,15.41043,15.54484,16.66012,
18.35863,17.26395,17.17176,18.89537,16.81077,18.14476,19.72469,19.68997,18.82175,20.76756,22.74854,21.99704,23.29503,20.32225,19.9881,19.03998,19.04743,17.07014,18.18409,19.41259,18.99188,18.89284,17.07722,17.28953,17.17649,17.527,17.11452,17.71096,16.10562,15.97392,16.79378,18.00912,15.48701,16.45842,17.61626,16.92821,16.91517,17.43857,17.04479,16.03875,15.62861,17.41104,16.85938,17.17713,15.57248,17.50646,17.11004,16.88494,17.41549,18.27394,17.62046,16.70169,16.87501,15.71227,16.95196,17.80419,19.19315,17.20327,18.74749,18.25372,16.90927,17.23435,16.93058,17.99903,18.26292,18.20472,18.89233,19.26541,18.86904,17.18873,17.74672,20.19977,19.15042,21.17168,19.66527,19.70961,20.78207,21.48152,20.80497,21.31234,23.4996,24.05886,22.3278,20.16174,20.40612,19.42417,19.24038,18.77507,17.34461,17.04803,17.90007,18.57624,17.20559,16.21851,16.55681,16.32369,17.16186,16.26869,17.60557,16.69921,
16.47403,16.49146,16.27306,17.1715,17.99623,16.10882,19.78222,19.40934,20.66595,19.64465,21.36803,19.52965,18.08401,20.41256,19.88779,17.20362,16.65297,16.67357,17.97529,17.20654,17.76665,17.49577,18.97543,17.61907,16.76945,18.34374,16.42687,17.1877,17.80414,15.78885,16.20793,16.1279,16.72603,17.1941,16.38157,17.41279,15.89293,16.25665,16.22294,16.08113,18.10799,15.95099,15.36928,17.15434,18.32113,17.47963,17.41417,18.18148,16.31836,15.40684,15.98465,17.27595,16.27257,16.8884,16.92006,16.93962,19.93124,16.82418,17.00402,17.94279,18.15064,17.63735,18.02562,17.02569,17.28023,18.24887,17.7066,16.89099,18.55475,19.83115,19.37389,19.75226,22.5408,21.97612,20.36243,21.07237,21.16899,23.69148,23.14883,21.31066,24.24717,22.49653,21.95698,20.8123,19.14337,19.57477,19.59454,19.94985,17.26123,16.6188,19.64714,19.0638,19.73316,18.47878,17.68075,17.12042,16.92674,16.67813,17.36235,18.71933,
16.6966,17.1571,17.15905,17.11256,16.81118,17.78354,17.6589,18.52826,19.50205,18.91275,17.13758,18.53345,18.65929,16.39493,17.53899,17.8597,16.09339,15.66124,17.58631,16.41418,18.61456,18.46412,19.48869,17.53906,18.36203,18.49527,20.46956,17.5862,15.9356,16.41335,16.96905,16.3683,16.21581,17.66806,17.4985,17.17244,17.74565,15.58078,17.2828,16.66003,17.92002,17.99143,16.96387,17.875,16.5696,16.92285,17.11956,16.65412,18.82025,16.2167,17.24261,16.16207,16.52618,17.72034,17.1039,17.31841,18.6239,18.10627,18.03172,16.37244,17.82927,17.45363,19.14968,16.70394,17.23575,19.02889,17.68367,19.14336,18.91981,18.8273,22.07958,20.13549,19.22892,24.24874,21.62679,21.82216,22.25756,21.78402,22.71251,23.64104,21.01982,21.10626,19.03514,18.9562,18.78353,21.79803,22.23755,19.17819,17.59046,19.22504,19.15434,18.05941,18.79086,19.19322,20.16214,17.52518,16.33311,17.1783,17.2634,17.1877,
16.86147,16.02696,17.67727,14.47552,15.59315,18.27302,16.95908,16.89872,16.88586,17.08902,17.56869,17.58792,16.50093,18.30162,16.83337,16.36326,16.12112,16.55168,16.82872,18.28735,15.12566,18.2116,16.9573,18.41919,15.9925,18.51149,18.07942,18.5904,16.37155,19.76737,17.72538,16.97264,16.77819,17.21484,16.01575,17.10944,17.60024,16.74339,15.45128,16.84952,17.73575,17.34234,17.04169,17.55317,18.4527,17.19494,15.93275,17.18018,16.82977,16.98362,17.43456,18.50133,18.44275,16.10339,19.18428,17.45737,17.75046,18.72542,17.83258,17.47365,17.00176,17.88908,18.40434,19.02778,18.03796,19.21724,19.20042,20.50777,18.55241,18.55401,19.79308,20.28184,20.4651,18.95918,20.06667,21.88476,21.01899,20.08183,19.05281,18.55659,19.14886,17.00708,16.40351,16.34521,17.17863,19.48569,17.97872,17.30453,21.9562,19.09588,18.34837,20.03714,20.79578,17.60076,18.91397,17.75308,18.40918,16.36888,17.24211,16.96344,
17.67719,15.96743,15.43721,16.7013,16.46984,16.68611,16.62413,17.02643,16.31857,16.73087,18.10389,16.0745,15.39193,16.01838,16.47862,15.88946,16.24244,16.54479,16.81031,16.67661,16.59917,16.18328,15.95621,18.02169,17.77232,16.34894,18.02418,18.9255,17.29741,17.9332,18.91389,17.01937,15.8801,17.16718,19.32397,17.95887,17.61683,17.73234,16.94517,16.52612,18.56186,16.91672,17.89356,17.97268,17.26329,18.80848,16.31358,16.97799,17.8281,16.61197,16.26631,18.08921,17.79392,16.93141,18.06128,14.90551,17.82024,17.94394,17.01136,17.28097,16.46328,17.93893,18.81363,16.94406,17.65078,17.76442,19.19573,18.14845,17.58126,18.29416,17.66519,20.30106,20.48362,17.98484,18.72224,17.15957,16.96188,17.81313,16.12107,17.58304,17.47918,17.32604,18.17854,16.33606,15.75548,16.76058,17.53905,18.08582,16.80735,18.95174,19.52624,21.00686,20.10098,18.10075,19.19889,17.97118,14.84518,18.18517,18.24823,18.92357,
16.96963,16.90518,16.00155,17.17971,16.18993,16.17039,15.6532,15.37288,16.65869,15.15934,16.83454,18.18293,16.46124,14.73396,16.85509,16.98315,17.07971,16.50005,15.76186,16.41079,16.02867,16.73343,14.97801,16.68708,16.64105,17.59071,18.60848,19.44336,18.34742,17.54457,18.06012,18.59078,19.18177,19.75656,18.86795,18.76787,18.00192,17.96208,15.8572,16.71188,17.70267,18.00168,18.07845,16.19741,17.99849,18.21471,19.05344,17.33905,16.65887,17.28181,18.35182,17.45492,18.11346,15.8604,17.02056,18.66249,17.75751,18.18853,17.82231,18.5163,19.37518,19.67979,18.26602,16.908,17.37659,17.15587,16.69765,18.26343,18.78772,18.41469,18.08984,19.32512,19.31987,17.33342,19.15636,19.065,16.9075,16.78304,16.85169,17.52955,16.07199,16.38832,18.58145,16.60513,18.21978,16.8002,15.97174,15.17082,18.88909,16.99628,17.65777,19.50686,20.97325,21.46292,19.36958,20.41646,18.41428,17.78217,18.07097,17.11955,
13.44761,15.91793,15.80186,15.94018,15.30867,16.12386,16.13507,15.17496,14.71054,17.02482,16.67076,16.07552,15.97939,16.75424,17.16725,16.54506,15.60253,14.98477,16.26734,16.0647,17.50056,16.26474,14.93708,16.32499,15.59115,18.39877,18.69209,18.2099,18.23757,18.30671,18.57369,19.5698,18.66822,18.09801,18.03863,18.19219,19.42113,19.1141,19.15464,18.55455,18.96132,16.68723,19.0427,19.07503,18.24839,17.49822,16.85667,17.00871,17.67884,19.87985,18.0934,17.27275,17.12371,16.97767,18.68872,18.0716,18.38575,17.09141,18.94931,17.59854,19.83791,17.47308,18.9566,17.15212,18.87915,19.4704,18.84679,19.88101,19.14844,19.52451,19.30676,16.86774,18.11223,18.76856,16.34183,15.8837,18.12587,15.24569,16.06791,17.67694,15.60921,17.29059,17.16359,17.93061,16.71848,17.16003,16.42286,17.34402,17.74689,17.38719,18.08832,16.85645,17.75564,21.58666,20.55743,20.83655,20.87304,18.57606,17.70954,17.48858,
16.55177,17.8272,16.55881,14.83379,17.9881,17.18239,15.59045,17.02637,15.46821,16.74824,16.55195,18.03247,16.54501,16.87309,16.80864,17.52908,16.30939,16.24358,15.56364,16.66939,17.57603,17.64589,16.93567,15.99699,17.34415,17.21856,17.81746,18.39626,17.62781,19.56804,18.46677,21.33892,20.03832,20.42027,18.60939,19.53834,18.341,19.65007,19.83124,19.21604,17.28628,18.02229,18.66909,18.53389,21.09254,17.99693,17.97713,20.00754,16.89763,20.00314,17.6564,17.33408,19.24048,19.23701,17.95477,18.55663,17.7315,18.71865,18.48248,19.6403,18.82391,18.48039,18.51643,17.8749,18.2775,17.28531,20.19795,21.77002,19.43973,19.70358,18.39151,17.33253,17.512,16.52181,17.17888,17.52875,18.54683,17.21107,16.88757,17.31738,17.07771,17.24154,16.20135,17.27365,17.22927,15.98274,15.44347,16.07693,16.32272,16.75951,17.68427,17.11754,16.49048,16.7888,17.45329,20.21336,18.86658,19.75155,19.29466,18.08992,
14.62608,16.58651,15.62922,16.14698,15.98203,16.46755,17.08821,15.88209,16.06207,16.97441,16.81275,16.2159,15.64867,16.92839,14.81862,15.94272,16.25372,15.55203,17.27399,15.83637,17.1599,18.46099,16.34299,17.36732,17.976,16.47318,16.39703,17.84501,17.6733,17.01093,18.72033,18.70017,18.38288,20.48883,21.09973,20.89975,22.14656,19.71843,18.48454,19.74263,19.69896,19.65973,20.23932,17.85954,19.05899,18.33732,17.58079,18.56091,18.69964,17.68393,19.264,18.19069,18.5258,18.21103,16.1309,18.44502,18.17684,19.86727,20.54206,21.5115,20.839,18.26822,17.96128,18.7296,19.09419,20.39964,17.21672,21.35575,17.87574,18.09535,18.17704,18.18169,16.65866,16.52225,17.13501,18.36321,16.04024,16.39752,16.47663,16.55081,16.42766,17.79453,16.3945,15.59624,16.05473,16.94936,16.6629,15.71186,17.43761,16.55168,17.13113,17.27065,17.19292,16.54732,17.70353,17.5299,18.58159,19.19842,17.96464,18.11365,
17.1691,16.18073,16.40995,16.53311,16.54803,16.38233,16.95025,17.23722,16.06007,15.27241,16.0034,17.70342,15.5599,16.52082,16.22883,16.35971,16.75171,17.31131,18.66644,16.76645,16.72714,16.27975,16.32984,16.98875,18.15256,18.15848,17.02663,16.42798,17.05503,16.09183,17.94884,16.66985,19.06882,18.649,19.81806,20.79109,21.94362,20.97466,21.24612,18.28441,20.8481,19.13928,21.28792,19.05855,18.03436,19.2475,19.11845,19.79303,17.3845,18.83169,18.94658,18.23828,18.67185,18.5108,18.64989,19.61933,21.02192,21.93822,21.54545,20.59583,19.77047,18.03699,17.67003,21.34312,20.9033,21.43353,21.26959,22.36702,20.87135,20.04787,18.48143,17.54497,17.37791,17.57162,17.67326,17.57898,17.69563,17.46939,16.38373,16.59438,17.42239,17.97367,16.19126,14.28723,17.04378,16.52578,15.85961,17.80437,15.3456,15.79706,16.91857,16.36386,16.34134,13.43883,15.54385,18.78802,18.65741,17.17699,15.01446,17.94933,
15.75738,17.02477,18.16535,15.94767,16.12526,18.08497,15.5347,17.05727,15.47652,15.85174,16.49974,16.30779,16.433,16.76426,16.56494,18.03159,17.06203,17.2748,16.04254,15.11053,16.30867,16.84238,17.69372,17.15737,17.62622,16.04786,16.24127,15.38483,15.45936,17.55998,17.78597,15.98716,17.14258,18.09597,17.88662,17.95152,18.56314,18.58317,21.49512,21.29189,21.51709,19.4935,20.24867,20.77637,18.07691,19.02917,18.46496,18.73075,20.2607,20.22521,20.54185,18.61519,19.85537,20.26075,22.30623,20.5759,23.23319,21.3604,20.39664,18.13131,20.60961,18.75578,18.14747,19.52898,22.45171,22.95638,23.57381,21.55825,20.2836,19.10018,19.11444,17.67145,17.17084,17.42555,18.20946,17.5925,17.07446,17.72296,19.18106,15.73722,16.65433,17.31492,16.44363,17.07527,16.50727,16.69693,16.9516,18.48528,16.06218,17.27164,16.46089,15.7093,17.67414,17.21378,17.89882,16.23919,14.44646,16.14475,17.83677,17.16979,
14.39456,15.59272,15.60573,15.9076,16.07068,17.55812,15.61551,17.2374,17.34611,16.90189,15.63202,17.29652,16.43671,17.1608,14.48849,17.66492,18.06593,18.06238,19.06086,16.1634,19.01522,17.91353,17.0477,18.0971,16.48615,16.3825,18.4322,16.89709,15.34567,15.94685,17.48623,15.631,16.85995,17.40098,18.53842,17.87071,17.22104,16.89069,18.58777,19.76846,23.0846,21.06002,21.38113,21.91327,18.65669,19.67746,21.47082,18.59784,19.14676,20.50649,20.68725,19.79541,18.88552,19.0938,17.26114,21.51381,20.9809,19.43133,19.55046,18.65767,19.00321,18.66518,18.94797,18.41479,19.83075,21.37399,22.61685,20.47278,18.30604,18.74786,18.70268,19.24484,17.16531,17.03657,16.99507,18.42858,15.88389,17.88624,16.89212,17.05062,16.75226,18.13689,18.50476,17.54414,17.51915,16.68812,14.96303,17.05779,17.49777,15.91008,15.32934,15.89908,17.37147,17.94618,17.64944,17.76606,17.93415,16.47949,16.77353,17.00376,
15.03953,16.54253,15.92028,15.07533,14.00505,15.72769,16.36434,14.56293,15.90261,16.39541,17.20915,16.31838,16.19648,15.6653,16.43244,17.20761,17.36197,17.0847,17.85757,16.88642,17.33331,16.79971,18.2765,16.10482,17.63465,17.86945,16.66634,17.68448,18.12166,17.4299,17.706,16.69591,17.0951,17.06779,15.8686,18.49508,18.7707,16.17439,18.59205,19.70333,18.74743,21.07635,22.3148,23.09134,21.9283,20.78024,19.10728,17.70495,17.66521,19.17544,18.86627,16.4091,19.39422,17.18116,19.30536,17.24592,19.31375,17.35081,18.53488,16.16012,18.19896,17.32742,19.34758,19.04057,18.68736,19.16922,21.40614,21.80883,22.38296,20.89668,18.64224,19.03134,20.0707,18.85432,18.36683,18.52447,18.30225,16.87496,17.17179,16.15256,17.63121,16.29223,18.55575,16.83243,16.32491,15.82966,17.80737,16.78813,16.48473,16.52587,17.35023,17.39823,17.12556,16.88497,16.33016,16.69804,15.50954,15.75219,16.8142,17.57764,
15.33434,15.6467,16.74809,16.97073,14.36516,14.97463,17.16097,14.14112,15.00253,15.78881,14.41609,16.50093,16.13376,16.72104,17.2851,16.30317,16.47462,17.77756,17.89689,18.93284,19.54122,19.59489,17.83995,18.41746,19.8914,17.02331,18.23287,17.36367,16.49385,17.78311,17.92298,16.94972,15.86025,17.20114,18.06404,17.10391,17.40956,18.18279,17.29757,18.53068,19.12461,20.44535,22.35252,23.91669,20.79669,18.21392,16.20925,18.69717,16.83703,17.53693,17.74545,17.115,16.74549,16.11019,16.84307,19.28714,16.71513,18.75768,18.82795,17.70837,18.78954,18.9311,17.24871,18.10441,17.50128,18.12878,17.28467,20.13896,19.20844,20.69869,21.7576,23.22565,21.11498,18.66014,18.83786,18.40511,18.74454,18.57007,18.06524,19.06989,18.67155,18.65382,16.03468,17.82935,17.91336,16.34112,15.97126,15.91312,16.53535,18.33639,15.98177,17.02012,15.49661,15.58849,15.97213,17.36479,17.48335,15.83458,17.68446,17.79854,
18.6247,15.85635,16.68423,17.41588,16.18621,14.79568,16.62815,16.86383,15.61593,16.06389,18.57658,17.46835,16.38167,18.44689,17.28041,15.88354,17.13261,17.19334,17.28147,18.83821,20.61841,19.24256,17.95199,19.96418,19.36962,18.53757,18.61378,16.84686,16.62599,21.23648,16.70259,17.19641,17.5634,17.99317,17.34594,16.52831,18.75536,20.89187,17.75569,19.54112,19.2123,21.17418,20.76964,22.29592,18.21386,17.09673,17.01756,16.40718,17.8105,15.22766,16.59228,15.83465,18.04642,16.85965,16.64511,18.72276,17.58606,18.43148,19.30479,17.65581,17.66551,17.43316,17.22247,18.29655,16.89468,17.418,18.03956,17.62432,19.07555,19.39442,18.78967,21.15117,21.46939,20.37112,20.28751,18.74573,18.95926,19.61221,17.19439,17.8366,18.95715,19.22894,16.88833,17.7024,18.11343,16.6423,17.6851,15.19209,17.46564,15.7354,15.32793,17.30887,17.19393,17.06384,16.70282,16.17562,17.22139,15.57479,16.00029,15.93113,
15.05254,15.304,16.44594,15.61138,14.87619,16.75751,17.50878,16.33664,16.17842,16.83294,15.8834,16.9309,17.27985,16.80472,15.1189,17.60376,17.95893,18.36004,17.40133,18.891,19.80063,21.04599,22.62954,20.40221,19.58603,18.6037,18.87489,18.23042,15.68332,17.07714,18.31525,16.86563,16.58736,17.11269,18.45253,18.20651,18.06928,18.00431,17.42663,18.72659,19.35204,20.48099,21.39138,19.94711,17.83909,18.20679,17.44857,16.79278,18.55994,15.64778,15.42052,16.72802,18.97363,16.11388,17.09668,16.78148,16.07728,18.43952,17.52611,16.68746,16.75695,16.53506,17.94426,16.56049,16.43191,14.89886,17.42613,17.61713,18.72308,18.10358,18.75132,17.50231,17.79895,22.14374,21.25113,18.5927,20.46105,19.38277,19.46448,19.21287,18.47878,17.90294,18.44386,18.71309,19.05607,18.59391,17.68393,16.6964,18.74819,17.24399,17.70979,18.58387,16.90817,18.34999,16.97103,16.48078,18.19571,15.11364,16.92336,17.55855,
16.75565,16.58486,17.08147,15.52186,15.01528,17.41701,15.14042,17.39424,16.28297,15.65211,15.80779,16.82075,17.65322,14.04265,17.07948,17.79328,14.17295,16.43365,19.11362,18.97353,18.43344,18.86123,21.11731,22.00731,21.55889,21.47297,16.90457,15.86181,17.03372,18.30676,16.83416,16.08307,18.83922,16.28921,19.44839,17.41873,18.17654,18.52558,18.85397,17.4754,19.38172,17.92398,19.34279,18.34258,18.30996,16.83066,17.00168,18.73534,16.53571,17.00818,16.31755,16.03617,16.04111,17.3988,16.98836,15.83748,18.78062,15.7132,17.10125,17.78923,15.9853,17.14937,16.39392,14.7952,17.71303,16.55447,18.15195,17.25848,16.19392,15.59325,19.09002,17.9957,18.00755,18.6469,18.20153,17.95157,17.86951,19.03322,17.2274,17.92103,17.33731,18.55853,17.72679,17.42362,18.44882,18.51182,18.32535,17.8964,18.60797,18.16383,17.58099,18.644,16.76521,16.60861,18.01064,15.87308,16.94815,15.83292,18.53204,16.50516,
15.6545,16.3742,16.09208,17.89704,15.36411,16.14784,17.40691,15.58972,16.31898,16.31649,17.06191,16.57616,16.10481,17.23228,17.07362,15.45542,16.682,17.76028,17.89551,18.88205,18.9505,18.7909,20.0043,22.325,22.80876,20.0003,19.06325,17.15792,20.71165,18.60796,17.84312,18.39685,18.3837,17.1238,20.33542,18.69246,17.8695,16.96724,19.5346,17.94287,18.34698,17.27575,18.60063,17.2811,17.96965,18.27941,19.17395,17.89335,16.81482,16.84242,18.24294,16.2087,18.22998,16.50782,15.33829,13.97194,17.05278,16.43423,15.85312,16.18604,16.5781,15.59531,16.84033,16.60437,17.38032,15.53577,17.39594,17.4365,17.41699,15.19592,17.05489,18.29893,18.26159,16.87569,17.70262,15.23323,17.81345,16.53069,18.37927,17.8007,16.9051,17.6413,18.75087,19.30329,17.08098,17.82328,16.44521,18.81409,18.3138,19.51929,17.01333,17.88727,17.55345,16.97897,17.17352,17.89184,18.28018,18.16268,15.54779,17.22465,
16.29356,16.41165,16.63266,15.41897,17.46717,16.18809,16.55281,18.11025,17.00512,16.46376,16.57937,15.57914,17.3497,16.4971,17.47031,17.90765,17.04352,17.64711,17.97499,16.80221,19.17147,18.2415,18.88627,18.74118,22.77531,20.57224,20.31231,19.52533,18.59821,19.10168,18.75993,18.45286,18.73397,18.79749,17.98845,18.51636,18.77646,17.64402,17.17453,17.39609,17.88162,17.98603,18.36735,18.45925,17.429,18.35724,20.03283,17.91213,15.84778,17.16121,17.02428,15.39073,15.69049,16.08381,15.71292,16.20985,16.15012,15.12664,16.17425,16.65522,14.75031,17.70428,16.43268,16.13297,16.89601,17.7614,17.2965,16.81421,16.54531,16.13095,16.37191,16.63218,15.5526,15.49301,17.65942,16.25343,17.20298,16.22774,18.37469,17.78286,18.38138,17.96001,17.71328,18.79889,18.67933,18.32332,18.2324,19.77137,19.9815,19.65479,19.00227,18.93314,18.93413,16.42166,17.04426,18.63726,17.61447,18.32189,17.54044,15.88665,
16.45634,15.53048,17.34883,16.90402,15.40403,16.53364,15.61354,16.40632,16.87905,14.05401,15.91785,15.70941,15.21045,16.83835,16.25711,17.93051,17.45613,18.405,18.34152,19.4533,18.93895,19.30152,20.84457,18.705,20.34668,21.82736,19.69515,19.83166,20.7296,20.91653,19.89972,19.22273,20.74799,20.10077,18.67858,19.85491,19.85238,17.66615,18.86842,16.6353,16.13548,15.51588,19.24823,18.05152,18.39645,18.04917,18.00381,17.92121,18.75916,17.93541,17.10307,17.55033,17.13097,17.3229,16.78871,17.65981,15.83145,15.25384,15.87357,15.13668,16.27805,17.30145,16.01755,17.04109,16.36886,15.06988,16.92244,17.54098,17.01698,17.36286,15.86255,15.74366,14.72452,16.1564,15.46435,14.56597,17.86007,16.23966,16.59156,17.28027,17.6741,17.03353,16.15963,16.13467,17.50263,17.65738,17.76046,18.14649,19.81611,17.88583,19.57417,20.53807,18.62041,18.30882,18.47396,18.81636,17.14886,18.65251,19.23449,17.66292,
17.45521,18.20842,15.949,18.31128,15.91561,16.67623,14.87462,16.03058,17.3815,16.9428,15.78293,15.86572,17.17367,14.64927,17.83035,16.63452,16.22581,18.34671,18.12526,18.00328,18.17115,18.40929,18.7352,21.4721,18.78175,22.16032,23.07553,20.3222,21.30372,18.56686,17.95345,18.45991,20.52631,20.10441,20.28611,22.06625,19.49208,19.85,17.29132,17.71068,16.84715,18.28407,18.54704,16.65559,17.90612,20.86677,17.56418,16.82989,17.65951,17.90213,17.85258,16.67937,16.04733,14.95909,16.12119,17.5938,15.81942,15.44135,16.899,15.97104,15.47881,16.52834,16.60801,18.81638,18.06519,14.77743,18.62687,15.54953,17.42528,17.40473,15.64121,18.45515,14.7995,17.89651,16.03662,16.02787,17.001,16.47392,17.35805,16.72619,16.93337,17.13326,17.23368,16.41972,18.2844,17.59831,17.27519,17.44129,17.73134,18.91185,21.93431,20.97126,21.47756,20.76362,20.82178,19.94297,19.22422,18.87383,17.56237,18.34272,
17.51048,15.20156,15.98735,17.00773,15.8124,16.91075,16.24768,16.58292,16.3334,17.40924,19.35183,16.79627,17.68597,18.32035,16.36133,16.51161,15.71408,17.30386,19.10692,17.4425,19.13991,18.47997,19.04449,19.45638,19.85236,21.40486,22.39681,19.9221,20.04955,20.45653,19.00131,17.52748,18.24068,21.85435,22.92207,21.44858,19.35476,17.15831,18.1046,18.39359,14.93228,15.39496,17.52561,17.0535,18.61507,18.92372,18.55181,19.49529,17.90695,18.23005,16.78717,16.04132,17.89377,16.08326,15.64079,16.61089,17.24266,16.98609,17.48989,16.41081,16.15473,17.44391,15.85198,15.09673,17.7151,14.75721,17.69679,15.42827,16.92841,15.73149,16.12664,16.53526,18.49073,17.12374,15.92869,15.72936,17.4713,17.09524,16.03124,18.02039,17.55134,16.20102,15.99152,17.40768,18.14327,16.35794,16.13584,19.79561,18.36944,17.68671,19.46965,20.63471,23.05754,22.99355,22.46278,20.23404,18.24007,19.09159,19.1165,18.05245,
17.3117,18.36823,15.60862,16.8751,17.90658,17.52285,15.55869,17.10277,18.40481,16.18443,16.64969,17.38712,17.14248,18.26327,16.48875,16.56249,16.84642,18.66231,18.03911,16.98942,18.0209,17.58466,18.00234,20.50415,20.12834,20.74949,21.74098,19.20002,16.39649,18.41559,19.1689,17.71623,19.58932,21.05413,21.35452,18.30591,20.07812,18.88675,19.06579,17.73241,17.23487,17.15075,18.44609,18.87785,17.92653,18.4786,18.46023,16.59558,16.49323,17.28948,18.36451,16.6786,15.41219,18.28172,17.57769,17.70081,16.97096,16.51748,16.30731,18.15911,15.84443,16.8766,16.88694,15.87099,15.06552,15.87844,16.05051,17.29043,16.50472,15.55701,16.08162,17.45193,17.80469,15.5061,16.00922,16.26049,18.15757,15.33896,14.89842,15.3634,15.48066,16.88786,15.71435,17.01857,15.90433,17.15351,18.27518,18.28125,16.5042,16.74611,17.57647,17.99597,19.81779,21.60263,22.58469,19.25046,20.31468,19.52038,16.8579,17.28222,
17.61738,18.67866,17.81201,15.53582,16.58438,15.07058,17.49694,16.49507,16.58452,16.51328,15.94064,17.23747,17.31098,17.68233,18.49052,17.41517,17.39095,16.97933,18.18028,19.71878,17.60521,19.23005,18.99105,18.91272,19.39687,21.4535,18.68081,17.82807,17.54037,19.23335,18.33089,19.05375,19.53425,17.55614,19.95135,20.77121,18.58302,17.44387,19.08452,17.92261,16.5486,17.61838,16.33985,17.06839,18.18838,17.62165,18.68984,16.31696,17.7314,16.32324,18.71851,16.2082,16.42232,16.32194,16.83809,16.21264,18.32991,16.24119,16.23775,16.68615,15.50382,17.04248,16.73885,16.09542,16.26474,17.23726,16.29358,17.81439,15.63743,15.99709,17.162,16.34802,16.68583,16.25673,16.42506,16.54145,16.93739,16.04147,17.38993,17.13382,16.83661,15.73696,17.27828,17.23249,15.78731,16.96629,13.87691,15.95692,16.67708,17.42399,19.51086,16.10127,17.67692,18.03469,20.09043,19.99187,20.83474,21.61396,21.09208,20.13873,
